<?xml version="1.0" encoding="UTF-8"?>

<!DOCTYPE hibernate-mapping PUBLIC
  "-//Hibernate/Hibernate Mapping DTD 3.0//EN"
  "http://hibernate.sourceforge.net/hibernate-mapping-3.0.dtd">

<hibernate-mapping>
    
    <class name = "BeanClasses.FacultyBean" table = "faculty">
      
        <meta attribute = "class-description">
             This class contains the Faculty detail. 
        </meta>
      
        <id name = "facId"  type="int" column = "fac_id">
            <generator class="native"/>
        </id>
                
        <property name = "facName" column = "fac_name" type = "string"/>
        <property name = "remarks" column = "remarks" type = "string"/>
      
    </class>
    
    <class name = "BeanClasses.DepartmentBean" table = "department">
      
        <meta attribute = "class-description">
             This class contains the Department detail. 
        </meta>
      
        <id name = "deptId" type = "int" column = "dept_id">
            <generator class="native"/>
        </id>
        
        <property name = "facId" column = "fac_id" type = "int"/>
        <property name = "deptName" column = "dept_name" type = "string"/>
        <property name = "remarks" column = "remarks" type = "string"/>
    </class>
    
    <class name = "BeanClasses.ProgramBean" table = "program">
      
        <meta attribute = "class-description">
             This class contains the Program detail. 
        </meta>
      
        <id name = "progId" type = "int" column = "prog_id">
            <generator class="native"/>
        </id>
        
        <property name = "deptId" column = "dept_id" type = "int"/>
        <property name = "progDuration" column = "prog_duration" type = "int"/>
        <property name = "progName" column = "prog_name" type = "string"/>
        <property name = "remarks" column = "remarks" type = "string"/>

    </class>
    
    
    <class name = "BeanClasses.BatchBean" table = "batch">
      
        <meta attribute = "class-description">
            This class contains the Batch detail. 
        </meta>
      
        <id name = "batchId" type = "int" column = "batch_id">
            <generator class="native"/>
        </id>
        
        <property name = "progId" column = "prog_id" type = "int"/>
        <property name = "batchYear" column = "batch_year" type = "int"/>
        <property name = "batchShift" column = "batch_shift" type = "string"/>
        <property name = "batchGroup" column = "batch_group" type = "string"/>
        <property name = "remarks" column = "remarks" type = "string"/>
    </class>
    
    <class name = "BeanClasses.StudentRegistrationBean" table = "student">
      
        <meta attribute = "class-description">
            This class contains the Student detail. 
        </meta>
      
        <id name = "stuId" type = "int" column = "stu_id">
            <generator class="native"/>
        </id>
        
      <property name = "batchId"    column = "batch_id"    type = "int"/>
      <property name = "stuName"    column = "stu_name"    type = "string"/>
      <property name = "stuFname"   column = "stu_fname"   type = "string"/>
      <property name = "stuSurname" column = "stu_surname" type = "string"/>
      <property name = "gender"     column = "gender"      type = "string"/>
      <property name = "stuRollno"  column = "stu_rollno"  type = "string"/>
      <property name = "remarks"    column = "remarks"     type = "string"/>
    
    </class>
     
</hibernate-mapping>


